1;Серова;Алиса;23;Симферополь;186
2;Родионов;Дмитрий;38;Донецк;176
4;Потапова;Ника;49;Донецк;175
5;Акимова;Алия;23;Львов;174
6;Алексеев;Пётр;32;Кривой Рог;177
7;Зайцев;Александр;33;Одесса;180
8;Титов;Савва;46;Днепр;178
9;Панкова;Екатерина;41;Киев;182
10;Потапова;Ника;44;Киев;189
11;Денисова;Марьяна;33;Харьков;178
12;Федотов;Максим;35;Харьков;174
13;Иванова;Виктория;43;Киев;174
