Александр; 23; 105; Донецк
Сергей; 34; 56; Москва
Юлиан; 34; 120; Донецк
Екатерина; 22; 53; Донецк
Валерия; 23; 89; Макеевка
Сергей; 34; 76; Макеевка
Алина; 23; 67; Москва
Сергей; 55; 99; Москва
Екатерина; 36; 78; Макеевка
Евлампия; 58; 67; Макеевка
Серафима; 58; 67; Макеевка
Алексей; 36; 87; Донецк
Андрей; 29; 66; Моспино