Яровая; Любовь; 34; 178.20; Горловка
Киселева; Тамара; 26; 190.00; Донецк
Сивцова; Наталья; 46; 177.70; Макеевка
Цапенко; Илья; 21; 141.10; Енакиево
Вареца; Григорий; 56; 191.50; Донецк
Иотова; Екатерниа; 35; 163.10; Горловка
Маринов; Николай; 456; 187.10; Макеевка
Росщупкин; Евгений; 33; 187.50; Енакиево
Караникола; Лариса; 43; 186.10; Горловка
Житников; Кирилл; 39; 197.70; Макеевка
Важдаев; Олег; 36; 191.90; Енакиево
Юсупова; Галина; 33; 159.10; Моспино
Локтионов; Владимир; 67; 90.00; Иловайск
