<?xml version="1.0" encoding="UTF-8"?>
<beans xmlns="http://www.springframework.org/schema/beans"
       xmlns:xsi="http://www.w3.org/2001/XMLSchema-instance"
       xsi:schemaLocation="http://www.springframework.org/schema/beans http://www.springframework.org/schema/beans/spring-beans.xsd">

    <!-- чайники -->

    <bean id="kettle1" class="org.itstep.pd011.models.Kettle">
        <constructor-arg name="brand"         value="Poco"/>
        <constructor-arg name="model"         value="Blue Wave"/>
        <constructor-arg name="power"         value="1900"/>
        <constructor-arg name="heatingTime"   value="220"/>
        <constructor-arg name="retentionTime" value="360"/>
    </bean>

    <bean id="kettle2" class="org.itstep.pd011.models.Kettle">
        <constructor-arg name="brand"         value="Samsung"/>
        <constructor-arg name="model"         value="Smart teapot"/>
        <constructor-arg name="power"         value="2100"/>
        <constructor-arg name="heatingTime"   value="120"/>
        <constructor-arg name="retentionTime" value="560"/>
    </bean>

    <bean id="kettle3" class="org.itstep.pd011.models.Kettle">
        <constructor-arg name="brand"         value="Xiaomi"/>
        <constructor-arg name="model"         value="Smart Pro X1"/>
        <constructor-arg name="power"         value="1900"/>
        <constructor-arg name="heatingTime"   value="160"/>
        <constructor-arg name="retentionTime" value="480"/>
    </bean>

    <!-- тренировки -->
    <bean id="workout1" class="org.itstep.pd011.models.Workout">
        <constructor-arg name="startTime" value="22-02-2022 07:30:00"/>
        <constructor-arg name="endTime"   value="22-02-2022 08:45:00"/>
        <constructor-arg name="coach"     value="" />
        <constructor-arg name="specialEquipment" value="false"/>
        <constructor-arg name="specialRoom" value="false"/>
    </bean>

    <bean id="workout2" class="org.itstep.pd011.models.Workout">
        <constructor-arg name="startTime" value="24-02-2022 09:00:00"/>
        <constructor-arg name="endTime"   value="24-02-2022 09:55:00"/>
        <constructor-arg name="coach"     value="Савельев Дмитрий" />
        <constructor-arg name="specialEquipment" value="true"/>
        <constructor-arg name="specialRoom" value="false"/>
    </bean>

    <!-- книги -->
    <bean id="book1" class="org.itstep.pd011.models.Book">
        <constructor-arg name="format" value="pdf"/>
        <constructor-arg name="author" value="Хеклер М."/>
        <constructor-arg name="title"  value="Spring Boot по-быстрому"/>
        <constructor-arg name="year"   value="2022"/>
        <constructor-arg name="size"   value="6612087"/>
    </bean>

    <bean id="book2" class="org.itstep.pd011.models.Book">
        <constructor-arg name="format" value="djvu"/>
        <constructor-arg name="author" value="Керк C."/>
        <constructor-arg name="title"  value="Java для студента"/>
        <constructor-arg name="year"   value="2007"/>
        <constructor-arg name="size"   value="2704410"/>
    </bean>

    <bean id="book3" class="org.itstep.pd011.models.Book">
        <constructor-arg name="format" value="pdf"/>
        <constructor-arg name="author" value="Шилдт Г."/>
        <constructor-arg name="title"  value="Java. Полное руководство"/>
        <constructor-arg name="year"   value="2023"/>
        <constructor-arg name="size"   value="90820330"/>
    </bean>
</beans>