Громов;Богдан;22;Дебальцево;1.817088
Громов;Илья;28;Донецк;1.990240
Григорьев;Марк;39;Дружковка;1.716443
Морозов;Георгий;53;Иловайск;2.085366
Морозов;Георгий;26;Ждановка;1.840311
Кузнецов;Кирилл;28;Белицкое;1.799509
Абрамов;Илья;38;Дебальцево;1.741465
Абрамов;Илья;35;Амвросиевка;1.643612
Морозов;Марк;57;Зугрэс;1.707067
Громов;Константин;56;Краматорск;1.820320
Николаев;Марк;40;Иловайск;1.728868
Лавров;Андрей;60;Курахово;1.918186
Громов;Георгий;33;Белицкое;1.909077
Кузнецов;Марк;57;Макеевка;2.012597
Котова;Елизавета;57;Снежное;2.072657
Абрамов;Ян;59;Ждановка;1.614953
Котова;Арина;62;Зугрэс;2.088242
Степанова;Медина;19;Снежное;1.798989
