<?xml version="1.0" encoding="UTF-8"?>
<beans xmlns="http://www.springframework.org/schema/beans"
       xmlns:xsi="http://www.w3.org/2001/XMLSchema-instance"
       xsi:schemaLocation="http://www.springframework.org/schema/beans http://www.springframework.org/schema/beans/spring-beans.xsd">

    <bean id="kettle1" class="org.itstep.pd011.models.Kettle">
        <constructor-arg name="maker" value="Scarlett" />
        <constructor-arg name="model" value="SC-EK27G91/92"/>
        <constructor-arg name="power" value="2200"/>
        <constructor-arg name="seconds" value="120"/>
        <constructor-arg name="minutes" value="10"/>
    </bean>

    <bean id="kettle2" class="org.itstep.pd011.models.Kettle">
        <constructor-arg name="maker" value="Polaris" />
        <constructor-arg name="model" value="PWK 1755CAD"/>
        <constructor-arg name="power" value="2150"/>
        <constructor-arg name="seconds" value="140"/>
        <constructor-arg name="minutes" value="12"/>
    </bean>

    <bean id="kettle3" class="org.itstep.pd011.models.Kettle">
        <constructor-arg name="maker" value="Kitfort" />
        <constructor-arg name="model" value="KT-6110"/>
        <constructor-arg name="power" value="2200"/>
        <constructor-arg name="seconds" value="100"/>
        <constructor-arg name="minutes" value="20"/>
    </bean>


    <bean id="workout1" class="org.itstep.pd011.models.Workout">
        <constructor-arg name="begin" value="20.02.2023 16:01:10"/>
        <constructor-arg name="end" value="20.02.2023 19:02:10"/>
        <constructor-arg name="trainer" value="Петров Т. Э."/>
        <constructor-arg name="isSpecialInventory" value="false"/>
        <constructor-arg name="isSpecialRoom" value="false" />
    </bean>

    <bean id="workout2" class="org.itstep.pd011.models.Workout">
        <constructor-arg name="begin" value="25.02.2023 20:12:14"/>
        <constructor-arg name="end" value="25.02.2023 22:02:10"/>
        <constructor-arg name="trainer" value="Тарасова А. В."/>
        <constructor-arg name="isSpecialInventory" value="false"/>
        <constructor-arg name="isSpecialRoom" value="true" />
    </bean>

    <bean id="book1" class="org.itstep.pd011.models.Book">
        <constructor-arg name="format" value="DJVU"/>
        <constructor-arg name="author" value="Кудрявцева М. М."/>
        <constructor-arg name="title" value="Игра теней"/>
        <constructor-arg name="size" value="240000"/>
        <constructor-arg name="year" value="2022"/>
    </bean>

    <bean id="book2" class="org.itstep.pd011.models.Book">
        <constructor-arg name="format" value="PDF"/>
        <constructor-arg name="author" value="Серова А. Д."/>
        <constructor-arg name="title" value="Нарисованное небо"/>
        <constructor-arg name="size" value="280000"/>
        <constructor-arg name="year" value="2023"/>
    </bean>

    <bean id="book3" class="org.itstep.pd011.models.Book">
        <constructor-arg name="format" value="EPUB"/>
        <constructor-arg name="author" value="Петровская В. Н."/>
        <constructor-arg name="title" value="Улыбка будущего"/>
        <constructor-arg name="size" value="220000"/>
        <constructor-arg name="year" value="1999"/>
    </bean>

</beans>