Антонова;Екатерина;61;Докучаевск;Офтальмолог;82000
Степанова;Василиса;57;Дружковка;Педиатр;36000
Кузнецова;Василиса;28;Дружковка;Педиатр;84000
Щербакова;Варвара;24;Дебальцево;Офтальмолог;33000
Колесников;Ян;47;Донецк;Педиатр;24000
Щербакова;Варвара;56;Докучаевск;Терапевт;21000
Антонова;Виктория;38;Докучаевск;Стоматолог;23000
Антонова;Варвара;53;Донецк;Офтальмолог;29000
Антонова;Полина;31;Енакиево;Педиатр;40000
Кузнецова;Екатерина;46;Докучаевск;Стоматолог;78000
Морозов;Артём;30;Енакиево;Офтальмолог;53000
Антонова;Элина;30;Дебальцево;Терапевт;85000
Степанова;Полина;49;Донецк;Терапевт;26000
Степанова;Василиса;45;Енакиево;Офтальмолог;69000
Кузнецова;Елизавета;42;Дружковка;Рентгенолог;75000
