Оптовый; г. Донецк, ул. Циолковского, 21;
Зонтик автоматический;50;750.00
Портсигар импортный;300;1200.00
Приставка игровая;2;15600.00
Куртка замшевая;12;5100.00
Чайник фарфоровый;15;750.00
Кинокамера отечественная;7;3100.00
Телевизор цветной;7;25100.00
Фотоаппарат цифровой;2;12000.00
Компьютер планшетный;3;15600.00
Кофейник фарфоровый;15;750.00
