Оптовый;г. Донецк, ул. Циолковского, 21
Зонтик автоматический;50;750
Портсигар импортный;300;1200
Приставка игровая;2;15600
Куртка замшевая;12;5100
Чайник фарфоровый;15;750
Кинокамера отечественная;7;3100
Телевизор цветной;7;25100
Фотоаппарат цифровой;2;12000
Компьютер планшетный;3;15600
Кофейник фарфоровый;15;750
