﻿<?xml version="1.0" encoding="UTF-8"?>
<beans xmlns="http://www.springframework.org/schema/beans"
       xmlns:xsi="http://www.w3.org/2001/XMLSchema-instance"
       xmlns:context="http://www.springframework.org/schema/context"
       xmlns:mvc="http://www.springframework.org/schema/mvc" xmlns:jpa="http://www.springframework.org/schema/data/jpa"
       xsi:schemaLocation="http://www.springframework.org/schema/beans http://www.springframework.org/schema/beans/spring-beans.xsd http://www.springframework.org/schema/context https://www.springframework.org/schema/context/spring-context.xsd http://www.springframework.org/schema/mvc https://www.springframework.org/schema/mvc/spring-mvc.xsd http://www.springframework.org/schema/data/jpa http://www.springframework.org/schema/data/jpa/spring-jpa.xsd">

    <!-- пакет для контроллеров -->
    <context:component-scan base-package="org.homework.app.*"/>

    <mvc:annotation-driven/>
    <mvc:resources mapping="/resources/**" location="/resources/"/>

    <!-- размещение представлений: WEB-INF/views/*.jsp -->
    <bean
            class="org.springframework.web.servlet.view.InternalResourceViewResolver">
        <property name="prefix" value="/WEB-INF/views/"/>
        <property name="suffix" value=".jsp"/>
    </bean>

    <jpa:repositories base-package="org.homework.app.repositories"/>

    <bean id="dataSource" class="org.springframework.jdbc.datasource.DriverManagerDataSource">
        <property name="driverClassName" value="com.mysql.jdbc.Driver"/>
        <property name="url" value="jdbc:mysql://localhost:3306/tourist_agency_goriachev"/>
        <property name="username" value="root"/>
        <property name="password" value="aA123456"/>
        <!--        <property name="password" value="___sP123456890..."/>-->
    </bean>

    <bean id="entityManagerFactory" class="org.springframework.orm.jpa.LocalContainerEntityManagerFactoryBean">
        <property name="dataSource" ref="dataSource"/>
        <property name="persistenceUnitName" value="jpaData"/>
        <property name="jpaVendorAdapter">
            <bean class="org.springframework.orm.jpa.vendor.HibernateJpaVendorAdapter"/>
        </property>
        <property name="jpaProperties">
            <props>
                <prop key="hibernate.dialect">org.hibernate.dialect.MySQLDialect</prop>
                <!-- показывать или не показывать текст запроса при выполнении запроса -->
                <prop key="hibernate.show_sql">false</prop>
                <!-- форматировать или не форматировать текст запроса при выполнении запроса -->
                <prop key="hibernate.format_sql">true</prop>
                <!-- поведение при запуске - не менять БД, менять БД или создавать БД -->
                <prop key="hibernate.hbm2ddl.auto">none</prop> <!-- update или create или none  -->
            </props>
        </property>
    </bean>

    <bean id="transactionManager" class="org.springframework.orm.jpa.JpaTransactionManager">
        <property name="entityManagerFactory" ref="entityManagerFactory"/>
    </bean>
</beans>