<?xml version="1.0" encoding="UTF-8"?>
<beans xmlns="http://www.springframework.org/schema/beans"
       xmlns:xsi="http://www.w3.org/2001/XMLSchema-instance"
       xsi:schemaLocation="http://www.springframework.org/schema/beans http://www.springframework.org/schema/beans/spring-beans.xsd">

    <!--Чайник 1-->
    <bean id="teapot1" class="org.step.home_work.models.Teapot">
        <constructor-arg name="id" value="1"/>
        <constructor-arg name="brand" value="Philips"/>
        <constructor-arg name="model" value="HD99324"/>
        <constructor-arg name="power" value="1800"/>
        <constructor-arg name="timeToHeat" value="112"/>
        <constructor-arg name="retentionTime" value="300"/>
    </bean>

    <!--Чайник 2-->
    <bean id="teapot2" class="org.step.home_work.models.Teapot">
        <constructor-arg name="id" value="2"/>
        <constructor-arg name="brand" value="Tefal"/>
        <constructor-arg name="model" value="KO693110"/>
        <constructor-arg name="power" value="1850"/>
        <constructor-arg name="timeToHeat" value="111"/>
        <constructor-arg name="retentionTime" value="370"/>
    </bean>

    <!--Чайник 3-->
    <bean id="teapot3" class="org.step.home_work.models.Teapot">
        <constructor-arg name="id" value="3"/>
        <constructor-arg name="brand" value="Xiaomi"/>
        <constructor-arg name="model" value="MJDSH04YM"/>
        <constructor-arg name="power" value="1800"/>
        <constructor-arg name="timeToHeat" value="118"/>
        <constructor-arg name="retentionTime" value="320"/>
    </bean>

    <!--Тренировка 1-->
    <bean id="exercise1" class="org.step.home_work.models.Exercise">
        <constructor-arg name="beginning" value="09:25:35"/>
        <constructor-arg name="ending" value="11:06:15"/>
        <constructor-arg name="trainerSnp" value="Федоров А.В."/>
        <constructor-arg name="requirementsToInventory" value="Полная исправность"/>
        <constructor-arg name="requirementsToRoom" value="Потолки выше 3-х метров"/>
    </bean>

    <!--Тренировка 2-->
    <bean id="exercise2" class="org.step.home_work.models.Exercise">
        <constructor-arg name="beginning" value="18:45:50"/>
        <constructor-arg name="ending" value="20:01:11"/>
        <constructor-arg name="trainerSnp" value="Яковчук В.С."/>
        <constructor-arg name="requirementsToInventory" value="Наличие свобоной зоны вокруг оборудования"/>
        <constructor-arg name="requirementsToRoom" value="Наличие кондиционера"/>
    </bean>

    <!--Книга 1-->
    <bean id="book1" class="org.step.home_work.models.Book">
        <constructor-arg name="format" value="EPUB"/>
        <constructor-arg name="author" value="Мурат Йенер"/>
        <constructor-arg name="name" value="JAVA. Эффективное программирование"/>
        <constructor-arg name="size" value="230000"/>
        <constructor-arg name="year" value="2016"/>
    </bean>

    <!--Книга 2-->
    <bean id="book2" class="org.step.home_work.models.Book">
        <constructor-arg name="format" value="PDF"/>
        <constructor-arg name="author" value="Роберт Лафоре"/>
        <constructor-arg name="name" value="ООП в С++"/>
        <constructor-arg name="size" value="136000"/>
        <constructor-arg name="year" value="2002"/>
    </bean>

    <!--Книга 3-->
    <bean id="book3" class="org.step.home_work.models.Book">
        <constructor-arg name="format" value="DJVU"/>
        <constructor-arg name="author" value="Роберт Седжвик"/>
        <constructor-arg name="name" value="Алгоритмы на C++. Анализ структуры данных."/>
        <constructor-arg name="size" value="310000"/>
        <constructor-arg name="year" value="2001"/>
    </bean>

</beans>