Иванов;Иван;33;Москва;Водитель;30000
Уваров;Петр;55;Донецк;Терапевт;25000
Ефремов;Сергей;29;Енакиево;Фермер;40000
Деревянко;Валерий;53;Селидово;Продавец;15000
Кузнецов;Петр;78;Донецк;Пенсионер;12000
Мазурчак;Александр;29;Курахово;Водитель;33000
Кузьмин;Валерий;55;Москва;Певец;50000
Макаров;Владимир;44;Курахово;Шахтер;70000
Ворона;Сергей;34;Донецк;Продавец;32000
Метунова;Наталья;45;Москва;Продавец;40000
Кузнецов;Михаил;22;Селидово;Водитель;20000
Курзин;Алексей;33;Москва;Военый;80000
Лабузов;Алексей;54;Курахово;Электрик;30000
Нефедов;Артур;43;Донецк;Шахтер;55000
Некрасов;Михаил;32;Енакиево;Пенсионер;18000